{
  "LinearRegression": {
    "mae": 77.7710009969277,
    "rmse": 95.4574311413649,
    "r2_score": 0.8873394415499718,
    "accuracy": 88.73394415499718
  },
  "RandomForest": {
    "mae": 114.22025,
    "rmse": 132.76793075937047,
    "r2_score": 0.782059076298015,
    "accuracy": 78.2059076298015
  },
  "XGBoost": {
    "mae": 147.5207061767578,
    "rmse": 159.8131416197523,
    "r2_score": 0.6842252612113953,
    "accuracy": 68.42252612113953
  }
}